nodo1,nodo2,tiempo,energia_requerida,variacion_temperatura
1,2,0.8093333333333333,0.1,0.607
2,3,0.3100000000000001,0.1,0.23250000000000007
3,4,0.7633333333333334,0.1,-0.5725
4,5,0.3953333333333333,0.1,0.2965